from,to,statusCode,note
# Arbeitsliste, KEINE Laufzeitquelle. Umgesetzt ist die getestete Tabelle in
# lib/seo/legacy-redirects.ts (docs/CUTOVER.md §14.2) — eine CSV, die kein Code
# liest, bewirkt nichts.
#
# Hier stehen nur Adressen, die spaeter ausnahmsweise ein EIGENES Ziel bekommen
# sollen. Der Weg dahin: Eintrag in EXACT in lib/seo/legacy-redirects.ts plus
# eine Testzeile.
#
# Bereits abgedeckt und deshalb nicht hier: /blog/, /about-me/, /tag/*,
# /category/*, /page/N, Datumsarchive, /author/*, /feed/, /wp-sitemap*.xml (301)
# sowie Beitrags-Permalinks und technische WordPress-Pfade (410).
